{
  "forgetting_bilm": [
    0.0,
    0.0
  ],
  "forgetting_trans": [
    19793.223916467567,
    20573.909569994776
  ],
  "adapt_bilm": [
    705,
    705
  ],
  "adapt_trans": [
    3,
    5
  ]
}